target,q80,q90,q95
rr_mean,49.44236145013931,76.10475542116774,98.48859542312267
rr_std,30.33436447622173,39.19245712312475,44.76384443805594
