metric,n_flagged,n_unflagged,flagged_mean,unflagged_mean,flagged_median,unflagged_median,flagged_std,unflagged_std,ks_stat,ks_pvalue
distance_km,49,432,1007.3469387755102,602.8819444444445,940.0,602.5,308.35845963075235,204.56567639988762,0.9101473922902494,4.594904778486594e-43
station_count,49,432,16.775510204081634,11.756944444444445,17.0,12.0,4.234113967341382,3.7507862027097385,0.7531651549508692,8.514233244705328e-26
pred_rr_mean_unc_calib,49,432,330.8825429864837,140.33257514568854,321.31109134657424,127.0901152860431,59.13694204373144,44.846346875944334,1.0,5.746974033272809e-68
pred_rr_std_unc_calib,49,432,84.86307418278176,51.77349174213773,75.9595899771241,47.27376298674032,28.434342472029424,22.349643969282106,0.9027777777777778,1.032116804927179e-41
rr_imputed_unc_mean,49,432,60.291641041876765,29.024160731529914,57.7012258993473,25.68003404460555,12.78603834792633,11.809664371894153,0.8032407407407407,3.3863516626813656e-30
rr_imputed_unc_std,49,432,21.256990461573565,15.97311724360076,17.490151042251384,14.363865879456256,13.844180353505353,8.404752388486255,0.3079648526077097,0.00033301495743551316
avg_delay_min,49,432,53.56031771919494,30.615290051317963,50.556546411851016,27.01097932933895,17.871566658609105,13.979295394146792,0.6052532123960696,8.047097851455368e-16
