stat,label_mean,label_median,label_std,pred_lab_mean,pred_lab_std,pred_all_mean,pred_all_std,ks_stat,ks_pvalue
rr_mean,44.8006025766449,26.04,52.10330017522341,40.215011865221804,25.789170794178723,31.521146989947795,15.085001866396151,0.3221342512908778,2.3001528161609345e-08
rr_std,28.326487636237108,18.44559059411847,46.24435163609119,26.57405147156011,12.373973549291167,20.957879946448063,7.909508928910145,0.36901893287435455,6.73085388278173e-11
