stat,mae,rmse,coverage_1std,coverage_1.96std,coverage_2std,z_mean,z_std
rr_mean,36.873687819276206,58.18717727556642,0.71,0.89,0.9,0.4509445691053606,2.435430004896472
rr_std,21.146863796127214,47.97166562701969,0.69,0.9,0.9,0.40835092491962366,3.7810891898884362
