mean_norm_q80,std_norm_q80,mean_norm_q90,std_norm_q90,mean_norm_q95,std_norm_q95
1.184322754805031,1.332494570232305,2.0400205391351167,1.8700214981707806,4.514739486371595,4.207904193268063
