target,mae,rmse
rr_mean,36.11986113476377,52.84537968286778
rr_std,23.129073377426554,52.79844304559481
